Country,Country_Code,1990,1991,1992,1993,1994,1995,1996,1997,1998,1999,2000,2001,2002,2003,2004,2005,2006,2007,2008,2009,2010,2011,2012,2013,2014,2015,2016,2017,2018,2019
Afghanistan,AFG,983,982,989,995,996,995,994,993,990,987,989,1002,1008,1024,1041,1051,1064,1078,1097,1116,1136,1164,1199,1229,1264,1300,1343,1396,1448,1492
Albania,ALB,622,637,620,606,588,625,669,701,725,738,748,734,765,806,817,804,780,768,796,809,826,873,906,944,994,1043,1073,1103,1131,1158
Algeria,DZA,1420,1494,1517,1543,1567,1600,1592,1585,1579,1596,1619,1635,1689,1755,1834,1933,2001,2104,2213,2340,2415,2492,2572,2646,2733,2829,2936,3050,3165,3291
Andorra,AND,24,25,27,28,29,29,30,31,31,32,33,34,35,36,37,38,39,40,41,42,43,40,39,40,41,42,43,45,46,48
Angola,AGO,586,600,616,635,650,660,664,677,706,729,744,751,751,772,808,821,859,889,932,984,1036,1096,1159,1211,1245,1304,1361,1430,1507,1582
Antigua and Barbuda,ATG,5,5,5,6,6,6,5,5,5,5,6,6,6,6,6,6,6,8,8,7,7,8,8,8,8,8,9,9,9,9
Argentina,ARG,10215,10327,10613,10673,10708,10845,11107,11301,11509,11646,11386,11456,11723,11825,11699,11675,11860,12259,12195,12229,12366,12561,12659,12735,12687,12879,13298,13542,13627,13879
Armenia,ARM,1069,1123,1188,1215,1159,1148,1176,1150,1145,1190,1203,1248,1277,1298,1288,1312,1343,1320,1357,1347,1318,1310,1270,1225,1240,1270,1267,1291,1309,1334
Australia,AUS,6554,6574,6705,6785,6966,7038,7164,7186,7214,7215,7215,7246,7296,7146,7520,7701,7900,8233,8500,8575,8574,8744,8817,8934,9142,9162,9179,9382,9763,10034
Austria,AUT,3290,3326,3325,3327,3296,3342,3358,3373,3396,3383,3406,3406,3512,3587,3652,3673,3705,3798,3878,4019,4052,4093,4173,4238,4268,4308,4263,4221,4185,4212
Azerbaijan,AZE,1398,1412,1430,1417,1394,1349,1308,1263,1228,1207,1186,1155,1164,1199,1231,1307,1385,1465,1565,1648,1718,1806,1877,1932,1987,2032,2101,2183,2222,2296
Bahamas,BHS,26,26,26,26,27,28,29,29,30,31,31,33,33,34,35,36,38,39,41,42,44,45,45,45,47,49,51,52,54,56
Bahrain,BHR,62,63,63,63,64,66,68,70,73,72,68,64,73,81,82,82,81,82,84,85,86,86,85,86,89,97,106,116,128,142
Bangladesh,BGD,4359,4111,4150,4189,4225,4340,4367,4375,4399,4433,4601,4669,4818,5015,5181,5440,5743,6006,6213,6457,6743,6793,6873,7143,7609,7875,8298,8958,9468,9970
Barbados,BRB,29,29,30,30,31,31,31,32,31,30,30,30,32,34,35,35,36,37,37,36,37,37,38,39,40,41,42,43,45,48
Belarus,BLR,4403,4680,4896,5343,5266,5324,5223,5211,5170,5079,4603,4677,4568,4285,4144,4177,3959,3666,3699,3702,3858,3855,3417,3309,3312,3316,3358,3460,3462,3543
Belgium,BEL,7715,7719,7717,7725,7610,7617,7453,7397,7311,7307,7216,7145,7141,7011,6968,6929,6799,6757,6516,7154,7486,7700,7975,8072,8023,7996,7906,7858,7848,7896
Belize,BLZ,10,10,10,10,11,12,14,16,18,19,20,19,19,19,20,20,21,22,22,23,24,25,25,27,28,30,31,33,35,37
Benin,BEN,205,209,211,214,218,223,229,232,238,244,254,263,275,285,294,302,313,321,337,354,368,385,398,413,426,438,452,471,486,508
Bhutan,BTN,15,16,16,17,17,18,19,19,20,21,22,23,24,25,26,27,28,29,30,32,33,34,35,37,38,39,40,41,43,44
Bolivia,BOL,426,440,454,468,480,499,514,545,567,585,609,629,651,674,695,716,742,772,800,828,862,900,936,967,981,1023,1086,1125,1173,1217
Bosnia and Herzegovina,BIH,1615,1781,1786,1823,1839,1852,1877,1916,1908,1957,2047,2097,2158,2184,2175,2292,2263,2384,2290,2305,2294,2307,2280,2307,2319,2360,2334,2348,2374,2390
Botswana,BWA,109,116,125,133,144,154,165,175,183,191,198,203,207,207,204,201,202,202,207,212,220,228,235,243,252,259,266,276,287,298
Brazil,BRA,15661,15934,16526,17483,18016,18578,19333,19840,20713,21454,22190,22885,23540,24325,25068,25313,25977,26738,27527,28347,29272,30155,30815,31734,32518,33513,34801,35043,35826,36987
Brunei,BRN,39,39,39,39,38,39,38,40,42,43,45,46,48,51,54,57,59,61,63,66,69,71,74,79,82,86,90,95,99,103
Bulgaria,BGR,3517,3320,3226,3011,2924,2823,2752,2780,2770,2688,2784,2881,3023,3264,3636,3987,4238,4420,4570,4680,4762,4836,4826,4807,4919,4856,4793,4728,4668,4608
Burkina Faso,BFA,373,374,379,385,390,396,397,404,415,418,431,435,446,462,484,503,517,531,547,565,599,625,658,695,728,765,803,844,882,908
Burundi,BDI,202,204,206,209,209,210,209,207,205,201,200,196,196,199,203,209,211,214,219,224,234,243,253,261,269,278,285,295,310,322
Cambodia,KHM,1103,1120,1146,1176,1208,1243,1269,1299,1333,1369,1400,1433,1469,1515,1572,1632,1694,1773,1852,1931,2022,2113,2199,2292,2385,2491,2598,2711,2849,2985
Cameroon,CMR,501,517,534,554,570,587,605,629,656,685,725,762,804,848,891,935,979,1010,1053,1098,1155,1217,1273,1322,1365,1411,1447,1490,1553,1607
Canada,CAN,15026,15297,15573,15994,16143,16620,16764,16941,17227,17437,17528,17745,18002,18519,19013,19372,19919,20465,20866,21085,20698,20888,21307,21601,22046,21864,22042,22334,23392,24052
Cape Verde,CPV,27,27,28,29,30,31,33,35,36,37,38,39,40,41,42,43,41,41,43,44,46,48,50,52,53,56,59,62,74,76
Central African Republic,CAF,184,189,190,193,196,199,204,206,209,213,215,217,221,223,226,228,231,233,236,241,249,256,261,264,265,268,272,277,283,289
Chad,TCD,239,243,250,256,262,268,279,289,295,306,314,329,344,359,378,391,407,425,444,465,485,506,525,540,557,575,593,613,636,655
Chile,CHL,1862,1841,1839,1899,1946,2038,2100,2101,2134,2180,2204,2301,2356,2441,2546,2601,2670,2754,2820,2981,3116,3206,3305,3429,3506,3584,3622,3761,3884,4005
China,CHN,256326,263650,270006,279040,287211,297850,311200,323759,337510,355376,379101,398629,420488,440830,465852,482680,491211,508428,529823,552953,576914,594037,607121,620200,637609,655214,676703,700269,726644,757171
Colombia,COL,2732,2943,3031,3081,3158,3229,3363,3311,3313,3470,3560,3701,4281,4105,4235,4176,4377,4392,4556,4885,4981,4950,5077,5197,5262,5503,5720,5907,6127,6348
Comoros,COM,18,18,19,20,21,21,22,22,22,22,23,24,24,24,24,25,24,26,27,27,27,29,30,31,33,34,35,36,36,37
Congo,COG,203,205,209,212,220,225,230,235,232,233,230,227,225,231,236,239,245,253,262,272,282,294,311,326,342,355,369,385,403,422
Costa Rica,CRI,196,199,209,213,229,244,243,249,252,272,271,278,274,291,306,296,320,302,322,333,379,371,373,382,390,410,434,450,475,492
Cote d'Ivoire,CIV,466,491,520,550,580,610,633,652,675,702,736,763,791,815,841,854,870,882,899,929,965,997,1036,1085,1123,1163,1177,1211,1273,1312
Croatia,HRV,2720,2657,2673,2689,2674,2707,2760,2821,2750,2667,2512,2479,2538,2721,2704,2864,2869,2979,3201,3244,3116,3102,3117,2982,3018,3068,2915,2899,2871,2875
Cuba,CUB,3497,3501,3563,3601,3625,3620,3639,3689,3787,3899,3985,4150,4179,4412,4618,4850,4832,5009,5175,5344,5447,5249,5484,5607,5773,6020,6132,6466,6613,6560
Cyprus,CYP,162,167,171,173,173,178,181,185,188,193,200,210,222,233,250,271,288,310,330,352,362,374,387,401,415,425,434,440,450,462
Czechia,CZE,6415,6117,6098,5914,5986,6066,6001,5991,5766,5670,5555,5068,5539,5873,5919,5996,5960,6116,6249,6303,6397,6351,6284,6212,6067,6077,6067,6137,6242,6238
Democratic Republic of Congo,COD,2309,2366,2402,2412,2441,2494,2562,2545,2572,2596,2606,2615,2604,2671,2685,2661,2677,2686,2767,2845,2930,3067,3207,3344,3480,3592,3731,3895,4119,4314
Denmark,DNK,3944,3918,3930,3954,3946,3929,3878,3818,3772,3808,3804,3860,3918,3950,4003,3998,4091,4145,4181,4262,4288,4236,4242,4255,4243,4185,4197,4227,4299,4359
Djibouti,DJI,12,13,14,15,15,17,18,18,20,21,21,22,24,25,27,29,30,32,34,36,38,40,43,45,47,50,52,56,60,63
Dominica,DMA,12,12,12,12,12,12,12,12,12,12,12,13,13,13,13,13,13,13,14,14,14,14,15,15,15,15,15,16,16,16
Dominican Republic,DOM,425,433,440,458,476,503,540,575,607,636,644,670,707,758,817,865,915,952,979,1005,1027,1057,1123,1204,1264,1323,1365,1384,1408,1437
Ecuador,ECU,471,522,540,555,580,597,633,634,668,687,713,741,831,890,949,1019,1074,1121,1164,1188,1220,1248,1306,1335,1343,1345,1398,1454,1510,1552
Egypt,EGY,2018,2066,2124,2259,2385,2445,2543,2671,2759,2891,2968,3205,3376,3548,3650,3717,3849,3903,4056,4268,4429,4575,4753,4756,4954,5342,5559,5689,5884,6070
El Salvador,SLV,268,274,289,303,314,315,322,338,364,355,371,382,384,407,430,445,459,464,462,487,473,497,487,516,558,572,583,597,612,632
Equatorial Guinea,GNQ,27,27,27,27,27,28,29,29,30,30,31,32,33,35,37,39,42,44,46,49,51,55,58,60,62,65,69,73,76,78
Eritrea,ERI,70,71,75,80,87,96,100,105,108,112,117,121,130,136,140,144,148,153,157,161,164,169,174,180,185,193,199,207,217,228
Estonia,EST,820,848,833,877,904,848,731,740,773,732,721,753,744,733,736,729,756,799,764,761,732,746,745,714,749,722,733,724,718,714
Eswatini,SWZ,49,51,52,53,56,59,63,65,69,73,77,81,85,87,90,90,91,91,93,94,93,93,95,96,97,98,99,101,103,105
Ethiopia,ETH,1325,1339,1363,1375,1380,1393,1395,1408,1430,1443,1439,1443,1458,1475,1494,1516,1534,1555,1587,1638,1675,1720,1759,1822,1881,1945,2020,2103,2205,2307
Fiji,FJI,37,37,38,38,39,39,40,40,40,42,43,43,43,45,46,47,50,52,53,54,56,59,60,62,64,66,68,70,72,74
Finland,FIN,2142,2104,2107,2079,2020,2041,2042,2032,2044,2028,2017,2035,2058,2088,2101,2121,2158,2205,2229,2275,2318,2341,2375,2427,2447,2458,2506,2536,2560,2593
France,FRA,25673,26179,26655,27187,27428,27980,28407,28532,29484,30065,30633,31384,32228,32912,32587,33290,33815,34725,35882,37231,37933,38831,39630,40044,39962,40819,39729,40070,39860,40195
Gabon,GAB,112,113,116,117,121,125,129,130,131,132,134,137,137,140,143,144,147,151,155,157,157,162,165,168,173,178,185,192,199,205
Gambia,GMB,21,22,24,24,25,28,28,29,32,35,35,36,38,40,45,47,48,49,49,51,53,51,53,55,60,60,64,68,70,72
Georgia,GEO,1890,1870,1763,1589,1469,1318,1241,1252,1226,1226,1247,1263,1342,1399,1455,1466,1493,1496,1559,1599,1659,1712,1724,1689,1682,1729,1767,1775,1775,1770
Germany,DEU,37219,37500,37545,38258,39064,40116,41019,41800,42877,44677,47360,48488,49980,51108,51551,52330,52815,53456,54036,54379,53102,52195,52029,52398,52073,52664,52757,52819,53327,53968
Ghana,GHA,519,541,569,597,619,635,661,699,730,763,797,810,818,820,830,844,857,866,901,940,987,1038,1080,1116,1158,1207,1265,1321,1359,1409
Greece,GRC,6344,6602,6808,6908,7019,7146,7238,7285,7445,7601,7697,7742,7736,7842,7929,7938,7935,8135,8159,8183,8110,8326,8477,8393,8390,8469,8459,8480,8566,8643
Grenada,GRD,11,11,11,10,10,10,10,10,10,11,11,11,12,12,12,12,13,13,13,13,14,14,14,14,14,15,15,15,16,16
Guatemala,GTM,340,372,399,432,456,436,435,480,510,532,555,579,589,613,637,655,665,670,678,698,712,726,732,753,764,785,811,826,861,897
Guinea,GIN,291,300,311,323,336,348,361,374,388,402,410,419,430,438,446,455,466,473,480,490,501,508,518,525,536,543,548,555,565,570
Guinea-Bissau,GNB,57,56,56,56,56,55,55,55,55,56,56,58,60,62,64,65,67,69,70,72,74,76,78,80,82,84,86,88,90,93
Guyana,GUY,33,31,30,31,30,31,33,33,33,34,37,37,37,38,38,38,39,40,41,42,43,45,46,47,49,50,51,53,54,55
Haiti,HTI,454,453,460,464,464,470,467,472,469,478,487,500,510,524,537,549,563,580,595,610,613,628,649,669,689,709,728,748,772,796
Honduras,HND,292,300,325,337,352,391,418,438,462,493,527,554,582,612,645,674,706,741,784,834,893,975,1074,1115,1155,1194,1238,1286,1342,1399
Hungary,HUN,6947,7031,7519,7721,7794,7901,7755,7891,8301,8583,8503,8683,8940,9159,9157,9419,9396,9577,9461,9571,9430,9339,9222,8946,9045,9180,9069,9113,9212,8972
Iceland,ISL,91,94,96,97,100,104,108,110,110,110,109,112,115,118,120,125,129,132,134,136,137,137,139,138,134,136,139,141,143,147
India,IND,29570,30770,31526,32742,34044,34729,36641,39564,40644,40616,41804,43505,44777,45527,45187,47817,50284,52794,55324,57234,59637,62669,65669,68547,70592,74116,77981,81071,85262,89242
Indonesia,IDN,17001,17784,18672,19548,20409,21273,22233,23224,24074,24930,25758,26428,27159,27966,28907,29980,31121,32388,33540,34723,35895,37308,38631,39892,41095,42478,44140,45833,47611,49437
Iran,IRN,2889,2961,3039,3136,3217,3317,3434,3531,3620,3690,3843,4019,4135,4269,4442,4654,4865,5030,5249,5526,5820,6105,6423,6802,7223,7651,7958,8260,8574,8923
Iraq,IRQ,1260,1275,1304,1327,1338,1367,1397,1426,1461,1503,1558,1625,1690,1750,1808,1858,1913,2000,2168,2265,2439,2632,2878,3125,3301,3459,3625,3787,3996,4232
Ireland,IRL,1638,1643,1649,1677,1654,1685,1668,1664,1695,1719,1709,1699,1731,1751,1793,1764,1818,1872,1912,1976,1924,1984,2000,2021,2030,2017,2029,2070,2128,2190
Israel,ISR,1156,1241,1326,1366,1413,1476,1492,1533,1593,1607,1638,1671,1724,1767,1796,1814,1882,1953,1982,2003,2084,2137,2177,2215,2241,2316,2316,2361,2449,2518
Italy,ITA,32127,32906,33155,33444,33971,34254,34416,34697,35336,35548,35284,35515,35648,36202,35575,35577,35674,35940,36401,36723,36533,36828,37011,36712,36564,37119,36269,36293,36691,36975
Jamaica,JAM,275,260,275,298,312,316,343,374,408,442,446,459,435,426,411,392,413,488,569,618,498,552,479,482,521,538,545,553,563,572
Japan,JPN,42459,44388,46544,48280,49330,51647,52586,53757,56122,58041,59120,60248,61735,64052,66032,68922,70192,72182,73916,75451,77446,79582,80819,81894,82391,82716,83256,83293,84452,86001
Jordan,JOR,169,173,179,190,198,206,211,215,219,223,226,233,245,256,281,314,351,381,411,450,492,532,570,606,649,696,745,798,857,917
Kazakhstan,KAZ,5522,5414,5408,5528,5468,5443,5196,4869,4572,4303,4210,4146,4155,4166,4053,4017,3961,3907,3776,3684,3707,3714,3703,3618,3549,3524,3585,3568,3706,3717
Kenya,KEN,380,399,417,433,449,466,486,506,530,551,582,603,639,678,708,739,770,801,832,868,907,943,975,1003,1035,1071,1112,1159,1219,1282
Kiribati,KIR,8,8,8,8,8,8,8,8,8,9,9,9,9,9,9,9,10,10,10,10,11,11,11,11,12,12,12,13,13,14
Kuwait,KWT,69,62,58,66,71,79,82,95,91,101,103,94,103,107,113,119,131,134,153,145,133,134,148,157,163,173,185,199,214,228
Kyrgyzstan,KGZ,819,823,812,815,811,767,699,652,602,553,511,488,483,483,465,460,470,467,458,453,463,472,482,494,506,511,512,531,540,560
Laos,LAO,556,566,580,592,603,615,625,633,642,648,649,653,650,654,658,668,679,692,706,720,735,749,766,789,814,846,877,912,955,1000
Latvia,LVA,1271,1276,1285,1419,1520,1372,1156,1106,1170,1120,1102,1160,1156,1116,1123,1192,1249,1243,1162,1112,1103,1076,1062,1061,1037,1002,949,945,949,950
Lebanon,LBN,495,502,516,531,540,553,571,591,606,649,698,755,813,871,929,987,1049,1103,1149,1195,1233,1277,1314,1345,1366,1378,1391,1405,1419,1433
Lesotho,LSO,127,129,132,136,141,145,150,155,161,166,172,176,181,186,192,195,198,200,202,204,208,212,217,223,228,231,231,232,236,240
Liberia,LBR,113,114,112,110,108,104,104,100,100,99,102,105,108,111,113,116,122,126,131,137,143,147,154,159,159,162,165,168,175,182
Libya,LBY,376,381,387,393,399,403,407,430,458,482,499,519,540,549,533,543,563,616,646,670,677,689,708,737,769,796,827,860,901,946
Lithuania,LTU,1526,1609,1573,1721,1747,1686,1567,1489,1506,1485,1471,1538,1513,1498,1479,1556,1581,1645,1563,1447,1485,1465,1454,1467,1428,1450,1453,1329,1336,1313
Luxembourg,LUX,234,235,234,237,235,239,239,238,241,241,244,238,244,250,257,259,263,263,260,267,266,270,274,275,279,275,270,275,282,289
Madagascar,MDG,362,363,364,375,367,389,395,397,405,404,404,408,419,430,436,442,444,448,463,478,491,506,523,540,558,579,603,630,661,690
Malawi,MWI,213,219,224,229,235,242,249,258,268,273,278,279,284,289,296,300,301,304,309,319,332,342,350,358,367,378,390,402,417,432
Malaysia,MYS,1562,1617,1688,1782,1913,2088,2179,2269,2342,2666,2685,2778,2892,3068,3169,3271,3420,3565,3783,3949,3987,4083,4183,4166,4355,4485,4674,4821,4975,5221
Maldives,MDV,11,12,13,13,13,14,14,15,15,15,15,16,16,16,16,16,16,17,18,18,19,19,20,20,21,22,23,24,25,27
Mali,MLI,263,266,273,280,288,296,301,306,310,316,324,333,345,356,369,380,392,409,423,440,454,466,478,490,507,529,557,582,601,618
Malta,MLT,116,116,117,118,117,122,127,129,127,130,133,136,141,142,144,148,148,154,159,164,170,174,178,180,184,180,184,187,190,194
Marshall Islands,MHL,5,5,5,5,4,5,5,5,5,5,5,5,6,6,6,6,6,7,7,7,7,8,8,8,8,9,9,9,10,10
Mauritania,MRT,111,111,112,114,112,110,111,112,114,112,115,120,124,127,134,138,146,149,153,162,166,173,183,191,192,199,202,213,218,225
Mauritius,MUS,108,109,110,115,116,118,119,124,123,125,125,134,141,143,142,145,145,144,153,160,157,160,163,169,176,181,188,192,202,209
Mexico,MEX,6046,6150,6322,6529,6747,6928,7062,7265,7385,7391,7371,7394,7625,7786,7760,7973,7913,7866,8248,8413,8343,8335,8414,8847,8991,9123,9332,9911,10372,11002
Micronesia (country),FSM,13,13,14,14,14,14,14,14,15,15,15,15,15,15,15,16,16,16,17,17,17,18,18,18,19,19,20,21,21,22
Moldova,MDA,1374,1330,1187,1158,1270,1246,1126,987,909,897,892,882,894,923,935,1013,999,1010,1021,1048,1113,1018,1041,1022,1088,1150,1132,1056,1051,1033
Monaco,MCO,29,30,30,31,32,33,34,36,39,43,47,50,52,54,55,55,56,56,57,58,58,58,59,59,59,59,59,59,60,60
Mongolia,MNG,427,441,448,456,464,477,484,476,475,468,458,457,441,427,414,410,408,406,413,430,444,464,476,491,504,526,565,597,631,672
Montenegro,MNE,291,288,295,314,328,339,351,370,379,383,394,413,431,449,461,474,479,482,485,488,488,493,492,501,510,515,524,531,529,531
Morocco,MAR,2045,2128,2248,2352,2386,2442,2492,2553,2621,2702,2704,2759,2784,2911,3000,3091,3191,3295,3397,3509,3619,3738,3884,4278,4422,4575,4750,4937,5142,5337
Mozambique,MOZ,326,330,337,347,353,360,370,384,399,415,434,443,463,481,507,534,561,586,619,648,679,710,739,766,787,808,827,850,876,900
Myanmar,MMR,5981,6099,6217,6337,6458,6583,6704,6810,6909,6998,7099,7209,7300,7396,7584,7695,7862,7974,8046,8180,8280,8455,8579,8788,8992,9244,9531,9863,10246,10614
Namibia,NAM,48,49,51,53,55,57,59,61,63,66,69,70,72,74,75,76,76,77,78,80,83,84,87,91,95,98,102,105,108,111
Nauru,NRU,1,1,1,1,1,1,1,1,1,1,1,1,1,1,1,1,1,1,1,1,1,1,1,1,1,1,1,1,1,1
Nepal,NPL,684,700,712,737,755,775,789,811,829,844,865,878,892,914,949,987,1030,1075,1120,1169,1225,1294,1361,1429,1492,1561,1625,1691,1767,1837
Netherlands,NLD,9493,9548,9648,9896,9782,9802,9951,9899,9924,9936,9782,9668,9450,8622,9662,10086,10514,10903,11325,11673,11945,12031,12268,12390,12358,12568,12709,12772,12957,13163
New Zealand,NZL,1395,1400,1442,1448,1451,1484,1484,1467,1442,1462,1451,1450,1398,1493,1528,1525,1555,1617,1657,1687,1680,1721,1746,1769,1813,1813,1818,1839,1948,2002
Nicaragua,NIC,118,131,135,142,149,167,177,175,177,185,189,195,206,218,227,242,238,254,266,274,278,291,300,306,314,316,332,339,356,371
Niger,NER,234,234,237,242,244,248,248,254,263,272,284,300,317,337,347,363,375,390,401,417,437,457,479,505,531,567,598,631,662,682
Nigeria,NGA,2817,2879,2958,3032,3092,3135,3180,3246,3325,3401,3483,3589,3743,3888,4067,4182,4308,4436,4564,4742,4932,5145,5377,5518,5617,5774,5863,5971,6094,6238
North Korea,PRK,4412,4591,4767,4946,5128,5274,5406,5548,5667,5804,5915,6023,6130,6279,6469,6672,6903,7150,7392,7608,7796,7960,8109,8247,8377,8508,8651,8817,8993,9163
North Macedonia,MKD,567,576,624,656,676,705,733,755,789,810,827,867,920,943,960,1006,1060,1094,1094,1135,1150,1149,1171,1180,1207,1223,1241,1254,1266,1281
Norway,NOR,1662,1668,1703,1746,1763,1799,1812,1835,1882,1903,1936,1961,2018,2024,2047,2070,2124,2195,2249,2276,2291,2364,2371,2395,2369,2364,2376,2334,2356,2388
Oman,OMN,60,62,65,67,69,72,76,79,81,83,86,89,91,92,91,94,100,107,112,116,120,128,134,136,136,140,146,149,145,144
Pakistan,PAK,8230,8518,8804,9086,9410,9819,10056,10534,10915,11383,11962,12134,12321,12554,12844,13201,13533,13830,14176,14484,14819,15053,15361,15811,16218,16589,16991,17437,17989,18550
Palau,PLW,4,4,4,5,5,5,5,5,5,6,6,6,6,6,6,6,6,7,7,7,7,7,7,7,8,8,8,8,9,9
Panama,PAN,215,217,224,243,237,248,243,256,261,265,252,258,268,285,285,295,304,300,313,321,327,338,352,362,376,387,396,417,428,447
Papua New Guinea,PNG,343,352,363,373,383,397,410,424,439,455,469,483,500,517,535,556,574,598,620,642,676,706,735,760,792,835,866,908,957,1000
Paraguay,PRY,240,244,268,285,303,326,353,373,401,434,451,461,478,505,531,543,561,571,590,628,655,664,679,709,719,752,802,826,851,881
Peru,PER,1837,1764,1934,2017,2070,2151,2128,2091,2083,1857,1937,1951,2019,2115,2125,2172,2213,2247,2380,2693,2838,2906,2956,3004,3011,3050,3136,3239,3355,3472
Philippines,PHL,6968,7182,7637,8068,8492,8837,9240,9428,9566,9308,9291,9274,9251,9158,9150,9266,9287,9377,9680,9877,10071,10321,10690,11089,11473,11977,12450,12879,13407,13964
Poland,POL,20254,21552,21459,21129,21539,22553,22518,23329,23820,24907,24607,24998,25305,25585,26319,26702,27259,27844,27984,28082,27865,28054,28761,28975,28802,29942,30046,30479,30858,31206
Portugal,PRT,2821,2939,3010,3134,3118,3246,3375,3400,3502,3577,3616,3693,3820,3945,3963,4088,4189,4248,4314,4404,4469,4520,4573,4645,4620,4601,4706,4706,4679,4709
Qatar,QAT,17,18,19,20,19,20,23,26,28,29,29,31,34,37,39,42,46,50,56,61,66,69,74,79,83,87,92,98,108,119
Romania,ROU,7319,7398,7969,8176,8427,8898,9335,9533,9104,8650,8674,9122,9408,9485,9380,9432,9458,9537,10031,10382,10530,10147,10470,10270,10861,10878,11027,11066,11079,11014
Russia,RUS,60580,60737,64860,75400,79591,73193,66405,61011,58524,61452,62886,61679,61783,61454,59033,61540,56748,55037,56609,54810,56726,53918,53543,53435,55304,55863,55920,53104,52995,54140
Rwanda,RWA,268,279,266,231,217,225,247,257,257,251,244,239,241,244,249,252,259,268,279,288,302,317,336,352,370,389,410,432,461,488
Saint Kitts and Nevis,KNA,5,4,4,4,4,4,4,4,4,4,4,4,4,4,4,4,5,5,4,4,5,5,5,5,5,5,6,6,6,7
Saint Lucia,LCA,12,13,13,13,13,13,13,13,13,13,14,14,15,15,16,16,16,16,17,17,17,17,18,20,21,22,24,25,26,26
Saint Vincent and the Grenadines,VCT,7,7,7,7,7,7,8,7,8,8,8,8,8,8,9,8,9,9,9,10,10,10,11,12,12,13,13,13,14,14
Samoa,WSM,10,10,11,11,11,11,11,11,11,12,12,12,12,13,13,13,13,13,14,14,14,14,14,14,15,15,15,16,16,16
San Marino,SMR,11,12,12,12,12,12,12,13,13,13,14,14,15,15,16,16,17,17,17,18,18,19,19,19,20,20,20,20,21,21
Sao Tome and Principe,STP,9,9,10,10,10,10,11,11,11,12,12,12,12,12,13,13,13,13,13,14,14,15,15,16,17,17,18,18,19,20
Saudi Arabia,SAU,486,519,552,588,628,667,705,737,764,788,803,810,817,833,846,873,899,930,963,991,1026,1057,1094,1141,1188,1247,1297,1355,1420,1492
Senegal,SEN,358,366,369,373,381,377,375,379,387,400,406,497,520,517,555,577,592,613,637,676,653,686,700,732,774,805,843,863,881,921
Serbia,SRB,4602,4676,4870,5056,5220,5358,5530,5733,5388,5395,5629,5641,5800,6047,6295,6534,6660,6778,6975,7048,7060,7122,7189,7215,7318,7445,7284,7300,7264,7262
Seychelles,SYC,11,11,12,12,12,12,12,12,12,12,12,12,13,14,14,14,14,15,15,15,14,14,15,15,15,16,17,18,19,19
Sierra Leone,SLE,196,193,192,190,187,187,186,186,185,184,188,194,202,211,220,230,236,244,247,255,268,278,290,301,311,324,334,348,365,378
Singapore,SGP,824,843,847,856,889,915,950,968,995,984,979,986,995,993,1009,1007,1026,1072,1117,1152,1180,1216,1266,1299,1324,1351,1375,1405,1492,1566
Slovakia,SVK,2368,2336,2336,2290,2243,2284,2236,2274,2292,2232,2172,2095,2034,1967,1910,1979,1989,2089,2198,2286,2313,2367,2393,2409,2424,2485,2426,2467,2489,2529
Slovenia,SVN,853,864,882,908,929,962,975,1013,1039,1048,1053,1095,1097,1153,1141,1104,1165,1178,1181,1170,1194,1181,1214,1214,1159,1229,1212,1237,1255,1269
Solomon Islands,SLB,41,42,44,46,47,50,52,54,56,58,60,62,64,65,66,68,70,71,70,74,75,80,82,85,88,91,93,95,98,101
Somalia,SOM,169,172,176,179,183,188,194,199,204,209,214,218,226,233,242,248,254,264,274,284,292,300,308,317,326,336,346,356,368,377
South Africa,ZAF,4706,4939,5254,5276,5680,6047,6563,7455,7619,7400,7498,7400,7382,7393,7303,7255,7438,7443,7572,7706,7848,7951,8050,8178,8459,8756,8793,8870,8670,8693
South Korea,KOR,7050,7737,8332,9027,9895,10658,11404,12121,12758,13276,13540,13621,13807,13997,14292,14450,14895,15475,16015,16583,17173,17682,18328,18816,19284,19817,20305,21298,22167,23300
South Sudan,SSD,244,246,249,250,251,254,254,250,250,250,249,245,245,249,253,255,260,264,268,274,280,286,291,295,300,305,308,315,325,334
Spain,ESP,16652,17194,17452,17721,17943,18435,18630,18377,18640,18957,18570,18674,19008,19609,20005,20533,20992,21850,22490,22942,23135,23650,24069,24009,24220,24674,24616,24640,24463,24523
Sri Lanka,LKA,861,820,826,834,879,927,988,1088,1114,1172,1225,1235,1264,1336,1400,1474,1573,1672,1790,1860,1958,2069,2147,2185,2254,2279,2320,2369,2398,2478
Sudan,SDN,743,771,793,812,832,852,870,885,897,909,927,952,983,1007,1033,1058,1077,1097,1122,1149,1175,1206,1233,1262,1299,1341,1386,1437,1496,1553
Suriname,SUR,35,37,38,41,39,35,35,36,40,43,46,49,52,54,55,55,56,58,60,62,64,66,68,73,78,82,85,88,90,92
Sweden,SWE,3054,3105,3107,3135,3120,3210,3254,3318,3369,3429,3442,3495,3515,3553,3637,3655,3709,3753,3794,3855,3913,3998,4023,4063,4118,4161,4183,4254,4302,4337
Switzerland,CHE,3777,3735,3632,3499,3354,3350,3246,3229,3251,3223,3214,3295,3342,3426,3453,3491,3534,3601,3634,3700,3690,3736,3773,3812,3793,3769,3741,3748,3781,3831
Syria,SYR,550,574,612,616,635,659,682,708,743,755,768,757,780,780,799,829,864,919,1009,1069,1163,1198,1224,1245,1254,1254,1274,1305,1339,1374
Tajikistan,TJK,560,548,529,478,465,430,396,372,358,351,348,353,363,376,398,420,432,449,461,466,480,495,498,497,505,514,524,550,564,586
Tanzania,TZA,930,954,983,1011,1036,1055,1082,1113,1150,1177,1191,1202,1236,1281,1323,1363,1403,1448,1495,1538,1585,1642,1713,1774,1816,1863,1933,2027,2127,2222
Thailand,THA,10559,11270,11884,12442,12991,13577,14266,13853,14591,15556,15511,14683,14863,15018,15459,15830,16180,16610,17044,17383,18077,18467,18680,18785,19135,19591,20448,21208,22172,23109
Timor,TLS,45,46,49,51,53,55,56,57,61,63,65,67,69,72,75,80,85,91,97,104,113,123,131,138,142,150,154,158,162,165
Togo,TGO,126,130,134,137,142,147,152,158,164,168,176,185,193,204,211,220,228,238,251,264,277,286,294,302,315,332,349,368,383,400
Tonga,TON,15,15,16,16,17,17,17,18,19,20,21,20,21,21,21,20,20,20,21,21,21,22,22,22,22,22,22,22,23,23
Trinidad and Tobago,TTO,101,102,107,111,113,110,119,114,121,125,121,127,126,134,135,138,138,144,158,154,159,159,156,161,167,172,178,182,186,191
Tunisia,TUN,1000,1068,1128,1186,1216,1282,1325,1394,1448,1490,1531,1548,1564,1574,1585,1635,1680,1725,1776,1829,1889,1945,2004,2073,2140,2212,2289,2366,2448,2523
Turkey,TUR,14167,14294,14438,14544,14526,14482,14233,14098,13746,13121,12410,12363,12511,12709,13198,14061,15358,16855,18788,21566,23677,25237,26185,26962,27720,28043,28390,28952,29247,29832
Turkmenistan,TKM,342,330,310,347,360,350,356,334,308,264,245,234,234,233,240,254,259,267,265,252,255,271,280,304,331,343,357,370,386,399
Tuvalu,TUV,2,2,2,2,2,2,2,2,2,2,2,2,2,2,2,2,2,2,2,2,2,2,2,2,2,2,3,3,3,3
Uganda,UGA,397,416,427,442,456,471,486,497,512,525,542,553,565,579,597,614,632,650,663,686,710,742,779,819,853,878,914,943,993,1036
Ukraine,UKR,28150,29444,30438,30395,30478,31634,29822,27639,25110,25071,24969,23381,22588,21137,20423,19067,17359,17410,17239,15305,14825,14557,14795,14740,13740,17110,16465,16481,17004,17023
United Arab Emirates,ARE,62,67,72,78,85,92,98,104,109,116,125,132,139,146,155,164,170,180,188,203,221,243,266,292,315,348,386,428,473,523
United Kingdom,GBR,42711,42238,41794,41784,40932,40702,40073,39419,39304,39144,38178,37650,37829,38157,37958,37770,38176,38608,39094,39014,38728,38916,39309,39922,40023,40362,40628,40858,42093,42837
United States,USA,156256,157997,159849,164512,166703,169913,169962,169937,171518,173605,174934,175466,176729,176765,175289,176055,177167,178529,181510,182650,181440,183292,184196,185241,186062,186439,188448,191190,199320,206196
Uruguay,URY,1674,1689,1693,1698,1673,1685,1657,1617,1623,1608,1581,1565,1579,1589,1570,1569,1562,1635,1609,1623,1656,1686,1694,1698,1690,1696,1688,1711,1730,1754
Uzbekistan,UZB,2103,2131,2158,2253,2310,2354,2373,2283,2217,2171,2180,2148,2123,2069,1933,1966,1926,1894,1852,1777,1777,1874,1968,2052,2157,2227,2329,2448,2564,2656
Vanuatu,VUT,14,14,15,16,16,17,17,18,18,19,19,20,20,20,20,22,23,25,27,28,30,32,33,35,36,37,39,40,42,43
Venezuela,VEN,1829,1915,1995,2060,2159,2206,2188,2196,2343,2421,2546,2725,2915,3145,3131,3303,3638,3927,4195,4290,4095,4213,4466,4501,4566,4707,4905,5082,5254,5659
Vietnam,VNM,9019,9318,9644,9910,10185,10495,10749,11118,11482,11848,12172,12581,12988,13420,13883,14354,14866,15496,16133,16795,17351,18117,18877,19684,20530,21309,22196,23123,24135,25161
Yemen,YEM,475,487,502,517,533,552,569,588,604,628,653,681,716,744,774,808,844,879,922,953,979,1025,1064,1109,1144,1188,1223,1263,1303,1336
Zambia,ZMB,289,303,313,323,333,344,353,361,368,373,378,382,389,399,409,418,432,442,454,469,494,516,534,551,572,593,618,652,685,717
Zimbabwe,ZWE,557,572,591,599,614,632,640,650,666,679,699,718,741,756,779,770,773,776,793,800,805,810,825,844,872,902,932,960,993,1026
